customer_id,role,content,session_updated_at
wmQcA1OAAAyGT4pWhlqXr7jEtzADJo8g,user,吉他试听课怎么收费,2026-10-01 10:05:00.404767
wmQcA1OAAAyGT4pWhlqXr7jEtzADJo8g,assistant,试听课统一49元一节，45分钟一对一🎸 试听后7天内报名任意课程，这49元可以全额抵扣学费。想学吉他随时跟我说，我帮您约个时间～,2026-10-01 10:05:00.404767
wmQcA1OAAAyGT4pWhlqXr7jEtzADJo8g,user,吉他试听课怎么收费,2026-10-01 10:05:00.404767
wmQcA1OAAAyGT4pWhlqXr7jEtzADJo8g,assistant,抱歉刚说错啦～吉他试听课是团购价 21.8 元，30 分钟一对一🎸 提前 3 小时预约就行，试后继续报课这钱全退，还送礼品和课件。要帮您约吗？,2026-10-01 10:05:00.404767
wmQcA1OAAAyGT4pWhlqXr7jEtzADJo8g,user,怎么预约,2026-10-01 10:05:00.404767
wmQcA1OAAAyGT4pWhlqXr7jEtzADJo8g,assistant,预约很简单：团购页面下单支付后，按页面上的电话打过去约时间就行🎸 吉他课记得提前 3 小时约哦～不方便打电话的话，也可以留个联系方式，我让门店帮您约。,2026-10-01 10:05:00.404767
wmQcA1OAAAyGT4pWhlqXr7jEtzADJo8g,user,我的琴弦坏了，你那边可以更换吗？怎么收费,2026-10-01 10:05:00.404767
wmQcA1OAAAyGT4pWhlqXr7jEtzADJo8g,assistant,可以换的～推荐 188 元吉他精致保养团购，里面就含更换全新立欧防锈镀膜琴弦，还加品丝抛光除锈🎸 提前 6 小时预约，随时退过期退。想单独换弦的话价格我这边没收录，建议到店问下～,2026-10-01 10:05:00.404767
wmQcA1OAAAdKVjWC9CscnvWXUvtDYQGA,user,钢琴课多少钱,2026-10-01 10:22:22.817741
wmQcA1OAAAdKVjWC9CscnvWXUvtDYQGA,assistant,钢琴课团购价 21.8 元哦（原价 150 元），30 分钟一对一，零基础、不限年龄都能上，提前 1 天预约就行～试完继续报课的话，这 21.8 元全额退，还送礼品和课件🎹 要帮您约一节吗？,2026-10-01 10:22:22.817741
